Workbook

Sheet Events Calendar
A1: Event ID | B1: Event Name | C1: Event Type | D1: Industry | E1: Description | F1: Format | G1: Duration | H1: Date | I1: Time | J1: Pricing | K1: Target Companies
A2: EVT-001 | B2: AI-Powered Core Banking & Fraud Prevention Summit | C2: Business Summit | D2: Banking | E2: Executive summit exploring how AI strengthens fraud detection, AML compliance, and core banking modernization across the Philippine banking sector. | F2: In-Person (Half-Day) | G2: 4 hours | H2: 2026-08-19 | I2: 9:00 AM - 1:00 PM | J2: Complimentary (By Invitation) | K2: Metrobank, BPI, Security Bank, RCBC, UnionBank, Landbank, PNB, PBB, DBP
A3: EVT-002 | B3: Cybersecurity & AI Risk Controls for Financial Institutions | C3: Technical Seminar | D3: Banking | E3: Technical seminar for IT and risk teams on deploying AI-driven risk controls, anomaly detection, and regulatory-compliant AI governance frameworks. | F3: In-Person | G3: 3 hours | H3: 2026-09-02 | I3: 1:00 PM - 4:00 PM | J3: PHP 3,500 per attendee | K3: PNB, RCBC, Security Bank, PBB, DBP
A4: EVT-003 | B4: Digital Transformation for Banking: AI-Driven Customer Experience | C4: Digital Transformation Workshop | D4: Banking | E4: Deep-dive workshop on applying AI to omnichannel banking, chatbots, and personalized customer engagement strategies. | F4: In-Person (Full-Day) | G4: 6 hours | H4: 2026-09-16 | I4: 9:00 AM - 3:00 PM | J4: PHP 15,000 per attendee | K4: BPI, UnionBank, Metrobank, Landbank
A5: EVT-004 | B5: Unlock AI Potential in Retail & Digital Banking | C5: Gen AI Discovery Session | D5: Banking | E5: 1.5-hour consultation to identify high-impact AI opportunities in retail banking operations, with expert insights tailored to each institution. | F5: Virtual or In-Person | G5: 1 hr 30 min | H5: 2026-08-05 | I5: 10:00 AM - 11:30 AM | J5: PHP 5,000 (credited toward future engagement) | K5: PBB, DBP, RCBC
A6: EVT-005 | B6: Core Banking System AI Integration Support | C6: IT Support Services | D6: Banking | E6: One-hour hands-on IT support session for banking IT teams integrating AI modules into existing core banking infrastructure. | F6: Virtual | G6: 1 hour | H6: 2026-08-26 | I6: 2:00 PM - 3:00 PM | J6: PHP 2,500 per session | K6: Metrobank, BPI, Security Bank
A7: EVT-006 | B7: PropTech Summit: AI in Real Estate Sales & Smart Buildings | C7: Business Summit | D7: Property Development | E7: Executive summit on AI applications in smart building management, predictive buyer analytics, and digital leasing across the real estate sector. | F7: In-Person (Half-Day) | G7: 4 hours | H7: 2026-09-23 | I7: 9:00 AM - 1:00 PM | J7: Complimentary (By Invitation) | K7: Ayala Land, Robinsons Land, Megaworld, SM Prime, Vista Land, Filinvest, Ayala Land Hospitality, Cathay Land, Philippine Realty and Holdings Corp.
A8: EVT-007 | B8: Digital Transformation for Property Development: AI-Powered CRM & Leasing | C8: Digital Transformation Workshop | D8: Property Development | E8: Deep-dive workshop on integrating AI into CRM, lead scoring, and leasing workflows for property sales and marketing teams. | F8: In-Person (Full-Day) | G8: 6 hours | H8: 2026-10-07 | I8: 9:00 AM - 3:00 PM | J8: PHP 15,000 per attendee | K8: SM Prime, Megaworld, Robinsons Land
A9: EVT-008 | B9: AI Proof of Concept: Predictive Buyer Analytics for Real Estate | C9: AI Proof of Concept Program | D9: Property Development | E9: Hands-on program piloting an AI model that predicts buyer intent and optimizes property marketing spend, using the client's own sales data. | F9: In-Person + Remote Follow-up | G9: 4-6 weeks (custom) | H9: 2026-10-14 | I9: Kickoff 9:00 AM | J9: Custom Pricing (Quote-Based) | K9: Vista Land, Filinvest Land, Cathay Land
A10: EVT-009 | B10: Platform Training: AI-Enabled Sales & Leasing Tools | C10: Group Trainings (Platform Training) | D10: Property Development | E10: Custom group training for sales and leasing teams on using Delca's AI-enabled CRM and lead-scoring platform. | F10: In-Person or Virtual | G10: Half-Day (custom) | H10: 2026-10-21 | I10: 9:00 AM - 12:00 PM | J10: Custom Quote-Based | K10: Ayala Land, Robinsons Land, Vista Land
A11: EVT-010 | B11: Introductory Meeting: AI Opportunities for Property Developers | C11: Online Meeting | D11: Property Development | E11: Free 1-hour introductory meeting to explore AI use cases relevant to property development, sales, and facilities management. | F11: Virtual | G11: 1 hour | H11: 2026-08-12 | I11: 3:00 PM - 4:00 PM | J11: Free | K11: Cathay Land, Philippine Realty and Holdings Corp., Ayala Land Hospitality
A12: EVT-011 | B12: AI-Driven Supply Chain & Fleet Optimization | C12: Technical Seminar | D12: Distribution | E12: Technical seminar for logistics and operations leaders on applying AI to route planning, fleet management, and demand forecasting. | F12: In-Person | G12: 3 hours | H12: 2026-09-09 | I12: 1:00 PM - 4:00 PM | J12: PHP 3,500 per attendee | K12: FAST Logistics Group, F2 Logistics, 2GO Group, LBC Express, ICTSI, AC Logistics, Ninja Van Philippines, Chelsea Logistics
... A26: EVT-025 | B26: Introductory Meeting: AI for Financial Institutions | C26: Online Meeting | D26: Financial Institutions | E26: Free 1-hour introductory meeting to explore AI use cases relevant to insurance, microfinance, and government financial institutions. | F26: Virtual | G26: 1 hour | H26: 2026-08-13 | I26: 3:00 PM - 4:00 PM | J26: Free | K26: Maharlika Investment Corporation, GSIS, CARD MRI

Sheet Summary by Industry
A1: Industry | B1: AI Proof of Concept Program | C1: Business Summit | D1: Digital Transformation Workshop | E1: Gen AI Discovery Session | F1: Group Trainings (Platform Training) | G1: IT Support Services | H1: Online Meeting | I1: Technical Seminar | J1: Training Sessions | K1: Total
A2: Banking | B2: =COUNTIFS('Events Calendar'!$D$2:$D$26,$A2,'Events Calendar'!$C$2:$C$26,"AI Proof of Concept Program") -> 0 | C2: =COUNTIFS('Events Calendar'!$D$2:$D$26,$A2,'Events Calendar'!$C$2:$C$26,"Business Summit") -> 1 | D2: =COUNTIFS('Events Calendar'!$D$2:$D$26,$A2,'Events Calendar'!$C$2:$C$26,"Digital Transformation Workshop") -> 1 | E2: =COUNTIFS('Events Calendar'!$D$2:$D$26,$A2,'Events Calendar'!$C$2:$C$26,"Gen AI Discovery Session") -> 1 | F2: =COUNTIFS('Events Calendar'!$D$2:$D$26,$A2,'Events Calendar'!$C$2:$C$26,"Group Trainings (Platform Training)") -> 0 | G2: =COUNTIFS('Events Calendar'!$D$2:$D$26,$A2,'Events Calendar'!$C$2:$C$26,"IT Support Services") -> 1 | H2: =COUNTIFS('Events Calendar'!$D$2:$D$26,$A2,'Events Calendar'!$C$2:$C$26,"Online Meeting") -> 0 | I2: =COUNTIFS('Events Calendar'!$D$2:$D$26,$A2,'Events Calendar'!$C$2:$C$26,"Technical Seminar") -> 1 | J2: =COUNTIFS('Events Calendar'!$D$2:$D$26,$A2,'Events Calendar'!$C$2:$C$26,"Training Sessions") -> 0 | K2: =SUM(B2:J2) -> 5
A3: Property Development | B3: =COUNTIFS('Events Calendar'!$D$2:$D$26,$A3,'Events Calendar'!$C$2:$C$26,"AI Proof of Concept Program") -> 1 | C3: =COUNTIFS('Events Calendar'!$D$2:$D$26,$A3,'Events Calendar'!$C$2:$C$26,"Business Summit") -> 1 | D3: =COUNTIFS('Events Calendar'!$D$2:$D$26,$A3,'Events Calendar'!$C$2:$C$26,"Digital Transformation Workshop") -> 1 | E3: =COUNTIFS('Events Calendar'!$D$2:$D$26,$A3,'Events Calendar'!$C$2:$C$26,"Gen AI Discovery Session") -> 0 | F3: =COUNTIFS('Events Calendar'!$D$2:$D$26,$A3,'Events Calendar'!$C$2:$C$26,"Group Trainings (Platform Training)") -> 1 | G3: =COUNTIFS('Events Calendar'!$D$2:$D$26,$A3,'Events Calendar'!$C$2:$C$26,"IT Support Services") -> 0 | H3: =COUNTIFS('Events Calendar'!$D$2:$D$26,$A3,'Events Calendar'!$C$2:$C$26,"Online Meeting") -> 1 | I3: =COUNTIFS('Events Calendar'!$D$2:$D$26,$A3,'Events Calendar'!$C$2:$C$26,"Technical Seminar") -> 0 | J3: =COUNTIFS('Events Calendar'!$D$2:$D$26,$A3,'Events Calendar'!$C$2:$C$26,"Training Sessions") -> 0 | K3: =SUM(B3:J3) -> 5
A4: Distribution | B4: =COUNTIFS('Events Calendar'!$D$2:$D$26,$A4,'Events Calendar'!$C$2:$C$26,"AI Proof of Concept Program") -> 1 | C4: =COUNTIFS('Events Calendar'!$D$2:$D$26,$A4,'Events Calendar'!$C$2:$C$26,"Business Summit") -> 0 | D4: =COUNTIFS('Events Calendar'!$D$2:$D$26,$A4,'Events Calendar'!$C$2:$C$26,"Digital Transformation Workshop") -> 0 | E4: =COUNTIFS('Events Calendar'!$D$2:$D$26,$A4,'Events Calendar'!$C$2:$C$26,"Gen AI Discovery Session") -> 1 | F4: =COUNTIFS('Events Calendar'!$D$2:$D$26,$A4,'Events Calendar'!$C$2:$C$26,"Group Trainings (Platform Training)") -> 1 | G4: =COUNTIFS('Events Calendar'!$D$2:$D$26,$A4,'Events Calendar'!$C$2:$C$26,"IT Support Services") -> 1 | H4: =COUNTIFS('Events Calendar'!$D$2:$D$26,$A4,'Events Calendar'!$C$2:$C$26,"Online Meeting") -> 0 | I4: =COUNTIFS('Events Calendar'!$D$2:$D$26,$A4,'Events Calendar'!$C$2:$C$26,"Technical Seminar") -> 1 | J4: =COUNTIFS('Events Calendar'!$D$2:$D$26,$A4,'Events Calendar'!$C$2:$C$26,"Training Sessions") -> 0 | K4: =SUM(B4:J4) -> 5
A5: Manufacturing | B5: =COUNTIFS('Events Calendar'!$D$2:$D$26,$A5,'Events Calendar'!$C$2:$C$26,"AI Proof of Concept Program") -> 1 | C5: =COUNTIFS('Events Calendar'!$D$2:$D$26,$A5,'Events Calendar'!$C$2:$C$26,"Business Summit") -> 1 | D5: =COUNTIFS('Events Calendar'!$D$2:$D$26,$A5,'Events Calendar'!$C$2:$C$26,"Digital Transformation Workshop") -> 0 | E5: =COUNTIFS('Events Calendar'!$D$2:$D$26,$A5,'Events Calendar'!$C$2:$C$26,"Gen AI Discovery Session") -> 0 | F5: =COUNTIFS('Events Calendar'!$D$2:$D$26,$A5,'Events Calendar'!$C$2:$C$26,"Group Trainings (Platform Training)") -> 1 | G5: =COUNTIFS('Events Calendar'!$D$2:$D$26,$A5,'Events Calendar'!$C$2:$C$26,"IT Support Services") -> 1 | H5: =COUNTIFS('Events Calendar'!$D$2:$D$26,$A5,'Events Calendar'!$C$2:$C$26,"Online Meeting") -> 0 | I5: =COUNTIFS('Events Calendar'!$D$2:$D$26,$A5,'Events Calendar'!$C$2:$C$26,"Technical Seminar") -> 1 | J5: =COUNTIFS('Events Calendar'!$D$2:$D$26,$A5,'Events Calendar'!$C$2:$C$26,"Training Sessions") -> 0 | K5: =SUM(B5:J5) -> 5
A6: Financial Institutions | B6: =COUNTIFS('Events Calendar'!$D$2:$D$26,$A6,'Events Calendar'!$C$2:$C$26,"AI Proof of Concept Program") -> 0 | C6: =COUNTIFS('Events Calendar'!$D$2:$D$26,$A6,'Events Calendar'!$C$2:$C$26,"Business Summit") -> 1 | D6: =COUNTIFS('Events Calendar'!$D$2:$D$26,$A6,'Events Calendar'!$C$2:$C$26,"Digital Transformation Workshop") -> 1 | E6: =COUNTIFS('Events Calendar'!$D$2:$D$26,$A6,'Events Calendar'!$C$2:$C$26,"Gen AI Discovery Session") -> 1 | F6: =COUNTIFS('Events Calendar'!$D$2:$D$26,$A6,'Events Calendar'!$C$2:$C$26,"Group Trainings (Platform Training)") -> 0 | G6: =COUNTIFS('Events Calendar'!$D$2:$D$26,$A6,'Events Calendar'!$C$2:$C$26,"IT Support Services") -> 0 | H6: =COUNTIFS('Events Calendar'!$D$2:$D$26,$A6,'Events Calendar'!$C$2:$C$26,"Online Meeting") -> 1 | I6: =COUNTIFS('Events Calendar'!$D$2:$D$26,$A6,'Events Calendar'!$C$2:$C$26,"Technical Seminar") -> 0 | J6: =COUNTIFS('Events Calendar'!$D$2:$D$26,$A6,'Events Calendar'!$C$2:$C$26,"Training Sessions") -> 1 | K6: =SUM(B6:J6) -> 5
A7: TOTAL | B7: =SUM(B2:B6) -> 3 | C7: =SUM(C2:C6) -> 4 | D7: =SUM(D2:D6) -> 3 | E7: =SUM(E2:E6) -> 3 | F7: =SUM(F2:F6) -> 3 | G7: =SUM(G2:G6) -> 3 | H7: =SUM(H2:H6) -> 2 | I7: =SUM(I2:I6) -> 3 | J7: =SUM(J2:J6) -> 1 | K7: =SUM(B7:J7) -> 25
